audio,transcript
test_sample_1689_clean,و
test_sample_3021_noisy,
test_sample_2985_noisy,و
test_sample_1674_clean,و
test_sample_1697_clean,و
test_sample_2940_noisy,و
test_sample_1667_clean,و
test_sample_2933_noisy,و
test_sample_1654_clean,
test_sample_1686_clean,و
test_sample_1644_clean,و
test_sample_3017_noisy,
test_sample_1687_clean,و
test_sample_3006_noisy,
test_sample_1662_clean,و
test_sample_2983_noisy,و
test_sample_2973_noisy,و
test_sample_2953_noisy,و
test_sample_1641_clean,و
test_sample_2988_noisy,و
test_sample_2935_noisy,و
test_sample_2960_noisy,
test_sample_3005_noisy,و
test_sample_1671_clean,و
test_sample_1683_clean,و
test_sample_2968_noisy,و
test_sample_2929_noisy,
test_sample_2956_noisy,و
test_sample_1696_clean,و
test_sample_2976_noisy,و
test_sample_3011_noisy,
test_sample_2959_noisy,و
test_sample_1678_clean,و
test_sample_1651_clean,
test_sample_2966_noisy,و
test_sample_2974_noisy,
test_sample_1663_clean,و
test_sample_3004_noisy,و
test_sample_1661_clean,و
test_sample_2952_noisy,و
test_sample_2993_noisy,و
test_sample_2963_noisy,
test_sample_2981_noisy,و
test_sample_1684_clean,و
test_sample_1690_clean,و
test_sample_1642_clean,و
test_sample_3003_noisy,و
test_sample_3000_noisy,
test_sample_2924_noisy,و
test_sample_2992_noisy,و
test_sample_2970_noisy,
test_sample_1672_clean,
test_sample_2984_noisy,
test_sample_2991_noisy,
test_sample_2930_noisy,و
test_sample_1675_clean,و
test_sample_2949_noisy,و
test_sample_1643_clean,و
test_sample_3007_noisy,و
test_sample_2995_noisy,و
test_sample_2934_noisy,و
test_sample_2941_noisy,و
test_sample_2977_noisy,و
test_sample_1660_clean,و
test_sample_1677_clean,و
test_sample_1670_clean,و
test_sample_3014_noisy,
test_sample_2994_noisy,
test_sample_1688_clean,و
test_sample_1648_clean,و
test_sample_2938_noisy,و
test_sample_3160_noisy,و
test_sample_3042_noisy,و
test_sample_3077_noisy,و
test_sample_3179_noisy,و
test_sample_3184_noisy,و
test_sample_3049_noisy,و
test_sample_3084_noisy,
test_sample_3069_noisy,
test_sample_3161_noisy,و
test_sample_3122_noisy,
test_sample_3063_noisy,و
test_sample_3113_noisy,
test_sample_3153_noisy,و
test_sample_3152_noisy,و
test_sample_3022_noisy,و
test_sample_3066_noisy,
test_sample_3071_noisy,
test_sample_3134_noisy,
test_sample_3051_noisy,و
test_sample_3096_noisy,و
test_sample_3058_noisy,و
test_sample_3140_noisy,و
test_sample_3168_noisy,و
test_sample_3127_noisy,
test_sample_3112_noisy,و
test_sample_3059_noisy,
test_sample_3041_noisy,
test_sample_3120_noisy,
test_sample_3151_noisy,و
test_sample_3055_noisy,و
test_sample_3048_noisy,و
test_sample_3141_noisy,
test_sample_3136_noisy,
test_sample_3147_noisy,و
test_sample_3135_noisy,
test_sample_3092_noisy,
test_sample_3065_noisy,
test_sample_3024_noisy,و
test_sample_3033_noisy,و
test_sample_3074_noisy,و
test_sample_3075_noisy,و
test_sample_3061_noisy,
test_sample_3076_noisy,و
test_sample_3085_noisy,
test_sample_3158_noisy,و
test_sample_3173_noisy,و
test_sample_3080_noisy,و
test_sample_3146_noisy,و
test_sample_3182_noisy,و
test_sample_3125_noisy,
test_sample_3057_noisy,و
test_sample_3043_noisy,
test_sample_3039_noisy,
test_sample_3172_noisy,
test_sample_3103_noisy,و
test_sample_3035_noisy,و
test_sample_3099_noisy,و
test_sample_3067_noisy,
test_sample_3128_noisy,و
test_sample_3056_noisy,و
test_sample_3133_noisy,و
test_sample_3089_noisy,و
test_sample_3159_noisy,و
test_sample_3030_noisy,
test_sample_3109_noisy,
test_sample_3091_noisy,و
test_sample_3123_noisy,
test_sample_3138_noisy,و
test_sample_3143_noisy,
test_sample_3072_noisy,و
test_sample_3126_noisy,
test_sample_3142_noisy,و
test_sample_3180_noisy,و
test_sample_3165_noisy,و
test_sample_3040_noisy,
test_sample_3083_noisy,و
test_sample_3105_noisy,و
test_sample_3150_noisy,و
test_sample_3060_noisy,و
test_sample_3101_noisy,
test_sample_3169_noisy,و
test_sample_3178_noisy,و
test_sample_3129_noisy,و
test_sample_3054_noisy,
test_sample_3025_noisy,و
test_sample_3053_noisy,
test_sample_3090_noisy,
test_sample_3181_noisy,و
test_sample_3131_noisy,و
test_sample_3167_noisy,
test_sample_3023_noisy,و
test_sample_3097_noisy,و
test_sample_3050_noisy,و
test_sample_3028_noisy,
test_sample_3170_noisy,و
test_sample_3157_noisy,
test_sample_3119_noisy,و
test_sample_3174_noisy,و
test_sample_3032_noisy,
test_sample_3145_noisy,و
test_sample_3081_noisy,و
test_sample_3175_noisy,و
test_sample_3115_noisy,و
test_sample_3062_noisy,و
test_sample_3171_noisy,و
test_sample_3117_noisy,
test_sample_3029_noisy,
test_sample_3093_noisy,و
test_sample_3121_noisy,
test_sample_3052_noisy,و
test_sample_3110_noisy,و
test_sample_3114_noisy,و
test_sample_3137_noisy,
test_sample_3036_noisy,و
test_sample_3078_noisy,و
test_sample_3100_noisy,
test_sample_3118_noisy,و
test_sample_3107_noisy,و
test_sample_3162_noisy,
test_sample_3154_noisy,و
test_sample_3082_noisy,و
test_sample_3038_noisy,و
test_sample_3155_noisy,
test_sample_3139_noisy,
test_sample_3149_noisy,و
test_sample_3144_noisy,و
test_sample_3106_noisy,
test_sample_3044_noisy,و
test_sample_3163_noisy,و
test_sample_3070_noisy,و
test_sample_3102_noisy,و
test_sample_3166_noisy,
test_sample_3148_noisy,و
test_sample_3073_noisy,
test_sample_3164_noisy,و
test_sample_3116_noisy,
test_sample_3086_noisy,و
test_sample_3045_noisy,و
test_sample_3046_noisy,
test_sample_3037_noisy,و
test_sample_3176_noisy,
test_sample_3132_noisy,
test_sample_3094_noisy,و
test_sample_3111_noisy,
test_sample_3047_noisy,و
test_sample_3031_noisy,و
test_sample_3088_noisy,و
test_sample_3027_noisy,
test_sample_3034_noisy,و
test_sample_3026_noisy,و
test_sample_3104_noisy,
test_sample_3079_noisy,و
test_sample_3108_noisy,و
test_sample_3098_noisy,
test_sample_3130_noisy,و
test_sample_3124_noisy,
test_sample_3087_noisy,و
test_sample_3156_noisy,
test_sample_3183_noisy,
test_sample_3068_noisy,
test_sample_3177_noisy,
test_sample_3064_noisy,
test_sample_3095_noisy,
test_sample_3287_noisy,و
test_sample_3240_noisy,
test_sample_3303_noisy,و
test_sample_3188_noisy,و
test_sample_3295_noisy,و
test_sample_3262_noisy,
test_sample_3278_noisy,
test_sample_3285_noisy,و
test_sample_3277_noisy,و
test_sample_3326_noisy,و
test_sample_3302_noisy,
test_sample_3275_noisy,
test_sample_3256_noisy,
test_sample_3203_noisy,
test_sample_3321_noisy,و
test_sample_3215_noisy,
test_sample_3217_noisy,و
test_sample_3299_noisy,
test_sample_3206_noisy,و
test_sample_3231_noisy,و
test_sample_3186_noisy,و
test_sample_3322_noisy,و
test_sample_3189_noisy,و
test_sample_3263_noisy,
test_sample_3271_noisy,و
test_sample_3312_noisy,و
test_sample_3293_noisy,و
test_sample_3301_noisy,و
test_sample_3329_noisy,و
test_sample_3196_noisy,و
test_sample_3232_noisy,
test_sample_3250_noisy,و
test_sample_3280_noisy,و
test_sample_3252_noisy,
test_sample_3309_noisy,
test_sample_3320_noisy,
test_sample_3195_noisy,
test_sample_3251_noisy,و
test_sample_3316_noisy,
test_sample_3337_noisy,و
test_sample_3274_noisy,و
test_sample_3315_noisy,و
test_sample_3305_noisy,و
test_sample_3216_noisy,و
test_sample_3246_noisy,و
test_sample_3279_noisy,
test_sample_3233_noisy,و
test_sample_3207_noisy,و
test_sample_3265_noisy,
test_sample_3318_noisy,و
test_sample_3226_noisy,و
test_sample_3264_noisy,و
test_sample_3187_noisy,
test_sample_3227_noisy,و
test_sample_3283_noisy,
test_sample_3202_noisy,و
test_sample_3333_noisy,و
test_sample_3258_noisy,و
test_sample_3192_noisy,و
test_sample_3236_noisy,و
test_sample_3319_noisy,
test_sample_3297_noisy,
test_sample_3268_noisy,
test_sample_3257_noisy,
test_sample_3199_noisy,و
test_sample_3205_noisy,و
test_sample_3332_noisy,و
test_sample_3259_noisy,و
test_sample_3290_noisy,و
test_sample_3300_noisy,و
test_sample_3330_noisy,و
test_sample_3334_noisy,و
test_sample_3336_noisy,و
test_sample_3210_noisy,و
test_sample_3222_noisy,و
test_sample_3221_noisy,و
test_sample_3238_noisy,
test_sample_3193_noisy,
test_sample_3266_noisy,و
test_sample_3204_noisy,و
test_sample_3323_noisy,و
test_sample_3272_noisy,و
test_sample_3294_noisy,و
test_sample_3310_noisy,و
test_sample_3306_noisy,و
test_sample_3200_noisy,و
test_sample_3331_noisy,
test_sample_3260_noisy,و
test_sample_3255_noisy,
test_sample_3249_noisy,
test_sample_3211_noisy,
test_sample_3230_noisy,و
test_sample_3235_noisy,و
test_sample_3243_noisy,
test_sample_3241_noisy,
test_sample_3288_noisy,
test_sample_3261_noisy,
test_sample_3185_noisy,و
test_sample_3213_noisy,
test_sample_3289_noisy,و
test_sample_3267_noisy,
test_sample_3307_noisy,و
test_sample_3296_noisy,
test_sample_3208_noisy,و
test_sample_3314_noisy,و
test_sample_3214_noisy,و
test_sample_3219_noisy,
test_sample_3198_noisy,و
test_sample_3327_noisy,و
test_sample_3191_noisy,
test_sample_3220_noisy,
test_sample_3190_noisy,
test_sample_3229_noisy,
test_sample_3304_noisy,
test_sample_3291_noisy,
test_sample_3317_noisy,و
test_sample_3313_noisy,و
test_sample_3234_noisy,
test_sample_3335_noisy,و
test_sample_3282_noisy,
test_sample_3253_noisy,و
test_sample_3228_noisy,و
test_sample_3242_noisy,
test_sample_3270_noisy,
test_sample_3284_noisy,
test_sample_3218_noisy,و
test_sample_3197_noisy,و
test_sample_3324_noisy,و
test_sample_3276_noisy,
test_sample_3281_noisy,
test_sample_3237_noisy,
test_sample_3223_noisy,و
test_sample_3325_noisy,
test_sample_3245_noisy,
test_sample_3269_noisy,و
test_sample_3286_noisy,و
test_sample_3292_noisy,و
test_sample_3273_noisy,
test_sample_3247_noisy,و
test_sample_3194_noisy,و
test_sample_3311_noisy,و
test_sample_3212_noisy,و
test_sample_3225_noisy,و
test_sample_3209_noisy,و
test_sample_3248_noisy,و
test_sample_3224_noisy,و
test_sample_3201_noisy,و
test_sample_3254_noisy,
test_sample_3328_noisy,
test_sample_3298_noisy,و
test_sample_3308_noisy,و
test_sample_3239_noisy,و
test_sample_3244_noisy,و
test_sample_3430_noisy,و
test_sample_3402_noisy,
test_sample_3360_noisy,
test_sample_3425_noisy,
test_sample_3362_noisy,
test_sample_3451_noisy,
test_sample_3455_noisy,و
test_sample_3352_noisy,
test_sample_3407_noisy,و
test_sample_3507_noisy,و
test_sample_3373_noisy,و
test_sample_3427_noisy,
test_sample_3454_noisy,و
test_sample_3469_noisy,
test_sample_3498_noisy,و
test_sample_3443_noisy,و
test_sample_3408_noisy,و
test_sample_3391_noisy,
test_sample_3429_noisy,و
test_sample_3399_noisy,و
test_sample_3387_noisy,
test_sample_3366_noisy,
test_sample_3434_noisy,
test_sample_3426_noisy,و
test_sample_3341_noisy,و
test_sample_3478_noisy,
test_sample_3459_noisy,و
test_sample_3367_noisy,
test_sample_3390_noisy,و
test_sample_3386_noisy,و
test_sample_3347_noisy,
test_sample_3449_noisy,و
test_sample_3380_noisy,و
test_sample_3461_noisy,و
test_sample_3401_noisy,
test_sample_3339_noisy,
test_sample_3477_noisy,
test_sample_3406_noisy,
test_sample_3510_noisy,
test_sample_3491_noisy,و
test_sample_3413_noisy,و
test_sample_3494_noisy,ا
test_sample_3472_noisy,و
test_sample_3465_noisy,
test_sample_3423_noisy,و
test_sample_3435_noisy,و
test_sample_3505_noisy,و
test_sample_3502_noisy,و
test_sample_3438_noisy,
test_sample_3372_noisy,
test_sample_3371_noisy,
test_sample_3385_noisy,
test_sample_3471_noisy,و
test_sample_3370_noisy,و
test_sample_3342_noisy,و
test_sample_3392_noisy,
test_sample_3513_noisy,
test_sample_3488_noisy,و
test_sample_3414_noisy,و
test_sample_3363_noisy,
test_sample_3368_noisy,
test_sample_3468_noisy,
test_sample_3420_noisy,و
test_sample_3388_noisy,
test_sample_3453_noisy,و
test_sample_3412_noisy,
test_sample_3346_noisy,و
test_sample_3473_noisy,
test_sample_3497_noisy,
test_sample_3397_noisy,
test_sample_3509_noisy,
test_sample_3376_noisy,و
test_sample_3422_noisy,و
test_sample_3484_noisy,و
test_sample_3485_noisy,و
test_sample_3356_noisy,
test_sample_3345_noisy,و
test_sample_3375_noisy,و
test_sample_3364_noisy,
test_sample_3403_noisy,و
test_sample_3500_noisy,و
test_sample_3460_noisy,
test_sample_3400_noisy,
test_sample_3476_noisy,و
test_sample_3374_noisy,و
test_sample_3394_noisy,و
test_sample_3381_noisy,و
test_sample_3496_noisy,
test_sample_3458_noisy,و
test_sample_3338_noisy,
test_sample_3379_noisy,و
test_sample_3445_noisy,
test_sample_3377_noisy,و
test_sample_3470_noisy,و
test_sample_3466_noisy,و
test_sample_3446_noisy,و
test_sample_3504_noisy,و
test_sample_3369_noisy,
test_sample_3439_noisy,و
test_sample_3456_noisy,و
test_sample_3395_noisy,و
test_sample_3499_noisy,
test_sample_3432_noisy,و
test_sample_3479_noisy,و
test_sample_3348_noisy,و
test_sample_3495_noisy,
test_sample_3409_noisy,و
test_sample_3441_noisy,و
test_sample_3487_noisy,
test_sample_3442_noisy,و
test_sample_3482_noisy,و
test_sample_3365_noisy,و
test_sample_3440_noisy,و
test_sample_3417_noisy,و
test_sample_3467_noisy,و
test_sample_3444_noisy,و
test_sample_3436_noisy,
test_sample_3506_noisy,
test_sample_3483_noisy,
test_sample_3490_noisy,
test_sample_3448_noisy,
test_sample_3382_noisy,
test_sample_3508_noisy,
test_sample_3354_noisy,
test_sample_3493_noisy,
test_sample_3474_noisy,
test_sample_3378_noisy,و
test_sample_3447_noisy,و
test_sample_3450_noisy,
test_sample_3475_noisy,و
test_sample_3492_noisy,و
test_sample_3428_noisy,و
test_sample_3350_noisy,
test_sample_3462_noisy,
test_sample_3357_noisy,
test_sample_3424_noisy,و
test_sample_3351_noisy,و
test_sample_3437_noisy,و
test_sample_3340_noisy,
test_sample_3514_noisy,و
test_sample_3463_noisy,و
test_sample_3512_noisy,
test_sample_3411_noisy,
test_sample_3503_noisy,و
test_sample_3355_noisy,و
test_sample_3486_noisy,و
test_sample_3410_noisy,
test_sample_3404_noisy,
test_sample_3361_noisy,و
test_sample_3398_noisy,و
test_sample_3452_noisy,و
test_sample_3433_noisy,
test_sample_3501_noisy,و
test_sample_3359_noisy,
test_sample_3349_noisy,
test_sample_3396_noisy,
test_sample_3415_noisy,و
test_sample_3353_noisy,
test_sample_3431_noisy,و
test_sample_3405_noisy,و
test_sample_3464_noisy,و
test_sample_3419_noisy,و
test_sample_3481_noisy,و
test_sample_3511_noisy,
test_sample_3383_noisy,
test_sample_3489_noisy,و
test_sample_3344_noisy,و
test_sample_3416_noisy,
test_sample_3457_noisy,
test_sample_3389_noisy,
test_sample_3343_noisy,و
test_sample_3421_noisy,
test_sample_3393_noisy,و
test_sample_3358_noisy,
test_sample_3384_noisy,و
test_sample_3480_noisy,و
test_sample_3418_noisy,و
test_sample_3662_noisy,
test_sample_3544_noisy,
test_sample_3653_noisy,و
test_sample_3569_noisy,و
test_sample_3532_noisy,
test_sample_3663_noisy,
test_sample_3633_noisy,و
test_sample_3549_noisy,
test_sample_3548_noisy,و
test_sample_3615_noisy,
test_sample_3614_noisy,و
test_sample_3602_noisy,
test_sample_3581_noisy,و
test_sample_3561_noisy,و
test_sample_3551_noisy,و
test_sample_3635_noisy,
test_sample_3568_noisy,
test_sample_3588_noisy,
test_sample_3617_noisy,و
test_sample_3564_noisy,و
test_sample_3593_noisy,و
test_sample_3598_noisy,و
test_sample_3610_noisy,و
test_sample_3632_noisy,
test_sample_3580_noisy,و
test_sample_3567_noisy,
test_sample_3600_noisy,
test_sample_3607_noisy,
test_sample_3630_noisy,
test_sample_3619_noisy,
test_sample_3527_noisy,و
test_sample_3644_noisy,
test_sample_3622_noisy,و
test_sample_3594_noisy,و
test_sample_3611_noisy,
test_sample_3629_noisy,
test_sample_3657_noisy,و
test_sample_3650_noisy,و
test_sample_3577_noisy,و
test_sample_3524_noisy,و
test_sample_3526_noisy,
test_sample_3616_noisy,و
test_sample_3625_noisy,
test_sample_3620_noisy,و
test_sample_3522_noisy,
test_sample_3541_noisy,و
test_sample_3576_noisy,و
test_sample_3535_noisy,و
test_sample_3651_noisy,و
test_sample_3608_noisy,و
test_sample_3546_noisy,و
test_sample_3590_noisy,
test_sample_3515_noisy,و
test_sample_3555_noisy,و
test_sample_3643_noisy,
test_sample_3520_noisy,
test_sample_3599_noisy,و
test_sample_3618_noisy,و
test_sample_3543_noisy,و
test_sample_3552_noisy,و
test_sample_3579_noisy,و
test_sample_3533_noisy,و
test_sample_3626_noisy,و
test_sample_3652_noisy,
test_sample_3624_noisy,
test_sample_3666_noisy,و
test_sample_3645_noisy,و
test_sample_3517_noisy,و
test_sample_3545_noisy,و
test_sample_3562_noisy,و
test_sample_3534_noisy,و
test_sample_3518_noisy,و
test_sample_3664_noisy,و
test_sample_3583_noisy,و
test_sample_3621_noisy,و
test_sample_3582_noisy,و
test_sample_3558_noisy,و
test_sample_3550_noisy,و
test_sample_3587_noisy,و
test_sample_3528_noisy,و
test_sample_3591_noisy,
test_sample_3584_noisy,و
test_sample_3656_noisy,و
test_sample_3623_noisy,و
test_sample_3667_noisy,و
test_sample_3628_noisy,
test_sample_3516_noisy,و
test_sample_3553_noisy,و
test_sample_3559_noisy,و
test_sample_3595_noisy,و
test_sample_3542_noisy,و
test_sample_3636_noisy,و
test_sample_3639_noisy,
test_sample_3565_noisy,
test_sample_3649_noisy,و
test_sample_3529_noisy,و
test_sample_3531_noisy,
test_sample_3586_noisy,
test_sample_3540_noisy,و
test_sample_3585_noisy,و
test_sample_3609_noisy,و
test_sample_3647_noisy,و
test_sample_3573_noisy,و
test_sample_3601_noisy,
test_sample_3631_noisy,و
test_sample_3523_noisy,و
test_sample_3554_noisy,
test_sample_3570_noisy,و
test_sample_3521_noisy,و
test_sample_3572_noisy,
test_sample_3634_noisy,
test_sample_3603_noisy,و
test_sample_3605_noisy,
test_sample_3557_noisy,
test_sample_3578_noisy,و
test_sample_3659_noisy,
test_sample_3604_noisy,
test_sample_3606_noisy,
test_sample_3648_noisy,
test_sample_3641_noisy,و
test_sample_3566_noisy,
test_sample_3525_noisy,و
test_sample_3613_noisy,و
test_sample_3574_noisy,و
test_sample_3661_noisy,و
test_sample_3538_noisy,و
test_sample_3655_noisy,و
test_sample_3642_noisy,
test_sample_3563_noisy,و
test_sample_3660_noisy,
test_sample_3575_noisy,و
test_sample_3596_noisy,
test_sample_3597_noisy,و
test_sample_3536_noisy,و
test_sample_3571_noisy,
test_sample_3637_noisy,
test_sample_3560_noisy,و
test_sample_3658_noisy,
test_sample_3519_noisy,و
test_sample_3539_noisy,و
test_sample_3646_noisy,
test_sample_3638_noisy,و
test_sample_3589_noisy,و
test_sample_3556_noisy,و
test_sample_3654_noisy,
test_sample_3612_noisy,و
test_sample_3537_noisy,و
test_sample_3547_noisy,و
test_sample_3627_noisy,
test_sample_3640_noisy,و
test_sample_3592_noisy,و
test_sample_3530_noisy,و
test_sample_3665_noisy,
test_sample_3802_noisy,و
test_sample_3814_noisy,
test_sample_3815_noisy,
test_sample_3793_noisy,و
test_sample_3781_noisy,و
test_sample_3750_noisy,و
test_sample_3739_noisy,
test_sample_3754_noisy,و
test_sample_3686_noisy,و
test_sample_3809_noisy,
test_sample_3782_noisy,و
test_sample_3806_noisy,
test_sample_3756_noisy,و
test_sample_3813_noisy,
test_sample_3719_noisy,و
test_sample_3761_noisy,و
test_sample_3816_noisy,
test_sample_3753_noisy,و
test_sample_3775_noisy,و
test_sample_3738_noisy,و
test_sample_3791_noisy,و
test_sample_3696_noisy,و
test_sample_3797_noisy,و
test_sample_3766_noisy,و
test_sample_3709_noisy,و
test_sample_3740_noisy,و
test_sample_3680_noisy,و
test_sample_3716_noisy,
test_sample_3760_noisy,و
test_sample_3706_noisy,
test_sample_3704_noisy,
test_sample_3777_noisy,
test_sample_3681_noisy,
test_sample_3692_noisy,و
test_sample_3671_noisy,
test_sample_3742_noisy,و
test_sample_3710_noisy,و
test_sample_3730_noisy,و
test_sample_3689_noisy,و
test_sample_3720_noisy,و
test_sample_3687_noisy,و
test_sample_3801_noisy,و
test_sample_3768_noisy,
test_sample_3817_noisy,و
test_sample_3712_noisy,و
test_sample_3798_noisy,و
test_sample_3677_noisy,و
test_sample_3697_noisy,
test_sample_3784_noisy,
test_sample_3732_noisy,و
test_sample_3699_noisy,و
test_sample_3759_noisy,و
test_sample_3780_noisy,و
test_sample_3678_noisy,و
test_sample_3736_noisy,و
test_sample_3735_noisy,و
test_sample_3724_noisy,و
test_sample_3701_noisy,
test_sample_3682_noisy,
test_sample_3773_noisy,و
test_sample_3788_noisy,و
test_sample_3743_noisy,و
test_sample_3749_noisy,و
test_sample_3670_noisy,
test_sample_3672_noisy,و
test_sample_3755_noisy,و
test_sample_3714_noisy,و
test_sample_3804_noisy,و
test_sample_3683_noisy,و
test_sample_3812_noisy,و
test_sample_3807_noisy,
test_sample_3705_noisy,و
test_sample_3737_noisy,و
test_sample_3762_noisy,
test_sample_3693_noisy,
test_sample_3711_noisy,
test_sample_3685_noisy,و
test_sample_3698_noisy,
test_sample_3700_noisy,و
test_sample_3790_noisy,و
test_sample_3745_noisy,و
test_sample_3800_noisy,و
test_sample_3747_noisy,و
test_sample_3776_noisy,
test_sample_3767_noisy,و
test_sample_3772_noisy,
test_sample_3694_noisy,
test_sample_3752_noisy,و
test_sample_3820_noisy,و
test_sample_3746_noisy,و
test_sample_3708_noisy,و
test_sample_3715_noisy,و
test_sample_3728_noisy,
test_sample_3795_noisy,
test_sample_3748_noisy,و
test_sample_3717_noisy,و
test_sample_3796_noisy,و
test_sample_3808_noisy,و
test_sample_3799_noisy,
test_sample_3690_noisy,و
test_sample_3695_noisy,
test_sample_3727_noisy,
test_sample_3810_noisy,و
test_sample_3803_noisy,و
test_sample_3676_noisy,و
test_sample_3758_noisy,
test_sample_3787_noisy,
test_sample_3722_noisy,و
test_sample_3674_noisy,
test_sample_3763_noisy,
test_sample_3713_noisy,و
test_sample_3765_noisy,و
test_sample_3774_noisy,
test_sample_3783_noisy,و
test_sample_3764_noisy,و
test_sample_3675_noisy,و
test_sample_3703_noisy,و
test_sample_3785_noisy,
test_sample_3684_noisy,و
test_sample_3725_noisy,و
test_sample_3707_noisy,
test_sample_3779_noisy,
test_sample_3805_noisy,و
test_sample_3819_noisy,و
test_sample_3702_noisy,و
test_sample_3794_noisy,و
test_sample_3718_noisy,و
test_sample_3770_noisy,و
test_sample_3731_noisy,و
test_sample_3688_noisy,و
test_sample_3744_noisy,
test_sample_3751_noisy,
test_sample_3733_noisy,
test_sample_3811_noisy,و
test_sample_3778_noisy,و
test_sample_3734_noisy,و
test_sample_3757_noisy,و
test_sample_3741_noisy,و
test_sample_3679_noisy,و
test_sample_3786_noisy,و
test_sample_3721_noisy,و
test_sample_3691_noisy,و
test_sample_3723_noisy,و
test_sample_3668_noisy,
test_sample_3726_noisy,و
test_sample_3769_noisy,و
test_sample_3818_noisy,
test_sample_3792_noisy,و
test_sample_3673_noisy,
test_sample_3729_noisy,و
test_sample_3669_noisy,و
test_sample_3789_noisy,و
test_sample_3771_noisy,و
test_sample_3918_noisy,و
test_sample_997_clean,
test_sample_988_clean,و
test_sample_3890_noisy,و
test_sample_980_clean,
test_sample_3866_noisy,
test_sample_986_clean,و
test_sample_3895_noisy,
test_sample_3835_noisy,و
test_sample_3881_noisy,و
test_sample_3843_noisy,و
test_sample_3872_noisy,و
test_sample_3871_noisy,
test_sample_985_clean,
test_sample_3845_noisy,و
test_sample_3885_noisy,
test_sample_3919_noisy,و
test_sample_3856_noisy,و
test_sample_3870_noisy,و
test_sample_3838_noisy,
test_sample_3844_noisy,و
test_sample_3869_noisy,
test_sample_3865_noisy,
test_sample_3855_noisy,
test_sample_3921_noisy,و
test_sample_3860_noisy,و
test_sample_3915_noisy,
test_sample_3920_noisy,
test_sample_3837_noisy,و
test_sample_3894_noisy,
test_sample_3822_noisy,و
test_sample_3877_noisy,و
test_sample_3834_noisy,
test_sample_3829_noisy,و
test_sample_3896_noisy,و
test_sample_3909_noisy,و
test_sample_3839_noisy,
test_sample_981_clean,و
test_sample_3873_noisy,
test_sample_3900_noisy,و
test_sample_3903_noisy,و
test_sample_3852_noisy,و
test_sample_3830_noisy,
test_sample_3857_noisy,
test_sample_3842_noisy,و
test_sample_3880_noisy,و
test_sample_3875_noisy,و
test_sample_3823_noisy,و
test_sample_3924_noisy,و
test_sample_984_clean,و
test_sample_3828_noisy,و
test_sample_3884_noisy,و
test_sample_3846_noisy,
test_sample_3898_noisy,و
test_sample_3868_noisy,
test_sample_3922_noisy,
test_sample_976_clean,و
test_sample_3893_noisy,و
test_sample_3913_noisy,و
test_sample_3888_noisy,
test_sample_990_clean,و
test_sample_978_clean,و
test_sample_3876_noisy,
test_sample_3826_noisy,و
test_sample_975_clean,و
test_sample_974_clean,و
test_sample_3882_noisy,و
test_sample_989_clean,و
test_sample_3831_noisy,و
test_sample_3821_noisy,
test_sample_3847_noisy,و
test_sample_3891_noisy,
test_sample_3906_noisy,و
test_sample_3910_noisy,و
test_sample_3825_noisy,
test_sample_3911_noisy,و
test_sample_3861_noisy,و
test_sample_3827_noisy,
test_sample_3832_noisy,
test_sample_3902_noisy,
test_sample_983_clean,و
test_sample_3862_noisy,و
test_sample_3851_noisy,و
test_sample_993_clean,و
test_sample_3841_noisy,و
test_sample_3854_noisy,و
test_sample_992_clean,ا
test_sample_3905_noisy,
test_sample_3849_noisy,
test_sample_998_clean,
test_sample_3867_noisy,و
test_sample_991_clean,و
test_sample_3904_noisy,و
test_sample_3923_noisy,و
test_sample_3840_noisy,و
test_sample_3897_noisy,و
test_sample_982_clean,
test_sample_3858_noisy,و
test_sample_3908_noisy,
test_sample_3887_noisy,و
test_sample_3836_noisy,
test_sample_3859_noisy,
test_sample_3850_noisy,و
test_sample_987_clean,و
test_sample_3879_noisy,
test_sample_3914_noisy,و
test_sample_3833_noisy,
test_sample_3886_noisy,و
test_sample_3874_noisy,و
test_sample_994_clean,و
test_sample_3883_noisy,و
test_sample_999_clean,و
test_sample_3889_noisy,و
test_sample_3853_noisy,و
test_sample_3824_noisy,و
test_sample_996_clean,و
test_sample_3864_noisy,و
test_sample_977_clean,و
test_sample_3848_noisy,
test_sample_979_clean,
test_sample_3863_noisy,و
test_sample_3907_noisy,
test_sample_3878_noisy,
test_sample_995_clean,و
test_sample_3917_noisy,و
test_sample_3899_noisy,
test_sample_3892_noisy,و
test_sample_3901_noisy,
test_sample_3912_noisy,و
test_sample_3916_noisy,
test_sample_1051_clean,و
test_sample_1037_clean,و
test_sample_1085_clean,و
test_sample_1064_clean,و
test_sample_1035_clean,و
test_sample_1054_clean,و
test_sample_1003_clean,
test_sample_1075_clean,و
test_sample_1076_clean,و
test_sample_1019_clean,و
test_sample_1002_clean,و
test_sample_1026_clean,و
test_sample_1046_clean,و
test_sample_1023_clean,و
test_sample_1039_clean,و
test_sample_1025_clean,و
test_sample_1009_clean,و
test_sample_1015_clean,و
test_sample_1007_clean,و
test_sample_1018_clean,و
test_sample_1080_clean,و
test_sample_1084_clean,و
test_sample_1013_clean,
test_sample_1077_clean,و
test_sample_1010_clean,
test_sample_1061_clean,و
test_sample_1052_clean,و
test_sample_1044_clean,و
test_sample_1059_clean,و
test_sample_1017_clean,
test_sample_1034_clean,و
test_sample_1005_clean,و
test_sample_1060_clean,و
test_sample_1014_clean,و
test_sample_1011_clean,و
test_sample_1055_clean,و
test_sample_1089_clean,و
test_sample_1045_clean,و
test_sample_1048_clean,
test_sample_1028_clean,و
test_sample_1050_clean,
test_sample_1072_clean,و
test_sample_1078_clean,و
test_sample_1038_clean,و
test_sample_1021_clean,
test_sample_1032_clean,و
test_sample_1069_clean,و
test_sample_1036_clean,
test_sample_1071_clean,و
test_sample_1041_clean,و
test_sample_1070_clean,
test_sample_1079_clean,و
test_sample_1001_clean,
test_sample_1040_clean,و
test_sample_1081_clean,و
test_sample_1067_clean,
test_sample_1068_clean,و
test_sample_1031_clean,و
test_sample_1043_clean,
test_sample_1066_clean,
test_sample_1063_clean,
test_sample_1053_clean,
test_sample_1016_clean,و
test_sample_1056_clean,
test_sample_1033_clean,و
test_sample_1004_clean,و
test_sample_1083_clean,و
test_sample_1006_clean,و
test_sample_1090_clean,و
test_sample_1088_clean,و
test_sample_1024_clean,و
test_sample_1086_clean,و
test_sample_1049_clean,و
test_sample_1027_clean,و
test_sample_1022_clean,و
test_sample_1082_clean,و
test_sample_1065_clean,و
test_sample_1074_clean,و
test_sample_1030_clean,و
test_sample_1062_clean,و
test_sample_1087_clean,
test_sample_1057_clean,
test_sample_1020_clean,و
test_sample_1058_clean,
test_sample_1042_clean,و
test_sample_1012_clean,
test_sample_1047_clean,و
test_sample_1000_clean,و
test_sample_1029_clean,و
test_sample_1008_clean,و
test_sample_1073_clean,و
test_sample_1125_clean,و
test_sample_1170_clean,و
test_sample_1202_clean,و
test_sample_1153_clean,
test_sample_1139_clean,
test_sample_1190_clean,و
test_sample_1157_clean,و
test_sample_1207_clean,و
test_sample_1146_clean,و
test_sample_1206_clean,و
test_sample_1120_clean,
test_sample_1159_clean,و
test_sample_1164_clean,
test_sample_1163_clean,و
test_sample_1095_clean,
test_sample_1147_clean,و
test_sample_1180_clean,و
test_sample_1145_clean,و
test_sample_1108_clean,
test_sample_1123_clean,و
test_sample_1172_clean,و
test_sample_1114_clean,و
test_sample_1135_clean,و
test_sample_1152_clean,
test_sample_1214_clean,و
test_sample_1176_clean,و
test_sample_1101_clean,و
test_sample_1118_clean,و
test_sample_1132_clean,و
test_sample_1178_clean,و
test_sample_1195_clean,و
test_sample_1143_clean,و
test_sample_1177_clean,و
test_sample_1138_clean,و
test_sample_1129_clean,و
test_sample_1150_clean,و
test_sample_1199_clean,
test_sample_1198_clean,
test_sample_1149_clean,و
test_sample_1204_clean,و
test_sample_1187_clean,و
test_sample_1156_clean,
test_sample_1104_clean,و
test_sample_1112_clean,و
test_sample_1213_clean,و
test_sample_1183_clean,و
test_sample_1189_clean,و
test_sample_1169_clean,ا
test_sample_1209_clean,و
test_sample_1184_clean,و
test_sample_1113_clean,و
test_sample_1173_clean,و
test_sample_1175_clean,و
test_sample_1166_clean,و
test_sample_1167_clean,
test_sample_1205_clean,و
test_sample_1158_clean,و
test_sample_1140_clean,
test_sample_1124_clean,و
test_sample_1182_clean,و
test_sample_1201_clean,و
test_sample_1109_clean,و
test_sample_1133_clean,و
test_sample_1136_clean,و
test_sample_1142_clean,
test_sample_1111_clean,و
test_sample_1115_clean,و
test_sample_1110_clean,و
test_sample_1144_clean,و
test_sample_1126_clean,
test_sample_1193_clean,
test_sample_1155_clean,و
test_sample_1096_clean,و
test_sample_1131_clean,
test_sample_1148_clean,و
test_sample_1137_clean,
test_sample_1151_clean,و
test_sample_1203_clean,
test_sample_1188_clean,و
test_sample_1191_clean,و
test_sample_1127_clean,و
test_sample_1160_clean,و
test_sample_1192_clean,و
test_sample_1208_clean,و
test_sample_1194_clean,
test_sample_1097_clean,و
test_sample_1098_clean,
test_sample_1200_clean,و
test_sample_1119_clean,و
test_sample_1197_clean,
test_sample_1141_clean,
test_sample_1092_clean,و
test_sample_1185_clean,و
test_sample_1094_clean,و
test_sample_1212_clean,و
test_sample_1196_clean,و
test_sample_1210_clean,و
test_sample_1105_clean,و
test_sample_1100_clean,
test_sample_1093_clean,و
test_sample_1130_clean,و
test_sample_1211_clean,و
test_sample_1128_clean,و
test_sample_1171_clean,
test_sample_1165_clean,و
test_sample_1162_clean,
test_sample_1122_clean,و
test_sample_1161_clean,و
test_sample_1116_clean,و
test_sample_1107_clean,و
test_sample_1102_clean,
test_sample_1117_clean,و
test_sample_1091_clean,و
test_sample_1168_clean,و
test_sample_1174_clean,
test_sample_1134_clean,و
test_sample_1099_clean,و
test_sample_1103_clean,و
test_sample_1186_clean,و
test_sample_1121_clean,و
test_sample_1106_clean,و
test_sample_1179_clean,و
test_sample_1154_clean,و
test_sample_1181_clean,و
test_sample_1230_clean,و
test_sample_1367_clean,
test_sample_1276_clean,
test_sample_1354_clean,و
test_sample_1256_clean,و
test_sample_1363_clean,
test_sample_1325_clean,
test_sample_1303_clean,
test_sample_1324_clean,و
test_sample_1257_clean,و
test_sample_1353_clean,و
test_sample_1297_clean,
test_sample_1304_clean,و
test_sample_1283_clean,
test_sample_1322_clean,و
test_sample_1350_clean,و
test_sample_1312_clean,و
test_sample_1343_clean,و
test_sample_1240_clean,و
test_sample_1345_clean,و
test_sample_1330_clean,
test_sample_1313_clean,و
test_sample_1251_clean,
test_sample_1241_clean,
test_sample_1238_clean,
test_sample_1301_clean,و
test_sample_1339_clean,و
test_sample_1227_clean,
test_sample_1235_clean,
test_sample_1239_clean,
test_sample_1346_clean,و
test_sample_1288_clean,و
test_sample_1332_clean,و
test_sample_1275_clean,
test_sample_1292_clean,و
test_sample_1328_clean,
test_sample_1229_clean,و
test_sample_1341_clean,
test_sample_1293_clean,و
test_sample_1315_clean,
test_sample_1237_clean,و
test_sample_1258_clean,و
test_sample_1217_clean,و
test_sample_1289_clean,و
test_sample_1264_clean,و
test_sample_1252_clean,
test_sample_1320_clean,و
test_sample_1305_clean,
test_sample_1334_clean,و
test_sample_1291_clean,
test_sample_1274_clean,و
test_sample_1294_clean,و
test_sample_1369_clean,
test_sample_1349_clean,و
test_sample_1246_clean,و
test_sample_1219_clean,و
test_sample_1310_clean,و
test_sample_1331_clean,و
test_sample_1222_clean,و
test_sample_1308_clean,
test_sample_1266_clean,و
test_sample_1368_clean,و
test_sample_1286_clean,و
test_sample_1356_clean,و
test_sample_1268_clean,و
test_sample_1344_clean,
test_sample_1323_clean,
test_sample_1351_clean,و
test_sample_1336_clean,و
test_sample_1362_clean,
test_sample_1357_clean,ا
test_sample_1316_clean,و
test_sample_1255_clean,و
test_sample_1374_clean,و
test_sample_1254_clean,
test_sample_1218_clean,و
test_sample_1216_clean,و
test_sample_1242_clean,و
test_sample_1347_clean,و
test_sample_1335_clean,و
test_sample_1253_clean,و
test_sample_1306_clean,و
test_sample_1243_clean,و
test_sample_1326_clean,و
test_sample_1261_clean,و
test_sample_1290_clean,و
test_sample_1348_clean,و
test_sample_1337_clean,و
test_sample_1309_clean,و
test_sample_1232_clean,و
test_sample_1375_clean,و
test_sample_1295_clean,و
test_sample_1236_clean,و
test_sample_1281_clean,و
test_sample_1228_clean,و
test_sample_1302_clean,و
test_sample_1321_clean,و
test_sample_1373_clean,و
test_sample_1278_clean,و
test_sample_1262_clean,و
test_sample_1371_clean,و
test_sample_1366_clean,
test_sample_1271_clean,و
test_sample_1263_clean,و
test_sample_1365_clean,
test_sample_1311_clean,و
test_sample_1327_clean,
test_sample_1329_clean,و
test_sample_1340_clean,و
test_sample_1338_clean,و
test_sample_1333_clean,
test_sample_1361_clean,و
test_sample_1245_clean,و
test_sample_1234_clean,و
test_sample_1248_clean,و
test_sample_1280_clean,و
test_sample_1272_clean,و
test_sample_1317_clean,و
test_sample_1314_clean,و
test_sample_1319_clean,و
test_sample_1220_clean,و
test_sample_1225_clean,و
test_sample_1299_clean,و
test_sample_1358_clean,و
test_sample_1277_clean,و
test_sample_1342_clean,و
test_sample_1247_clean,و
test_sample_1260_clean,و
test_sample_1352_clean,و
test_sample_1296_clean,و
test_sample_1318_clean,و
test_sample_1249_clean,
test_sample_1287_clean,و
test_sample_1269_clean,و
test_sample_1355_clean,و
test_sample_1279_clean,
test_sample_1364_clean,و
test_sample_1233_clean,و
test_sample_1250_clean,و
test_sample_1360_clean,و
test_sample_1284_clean,
test_sample_1224_clean,و
test_sample_1273_clean,
test_sample_1267_clean,و
test_sample_1265_clean,و
test_sample_1282_clean,و
test_sample_1300_clean,و
test_sample_1231_clean,و
test_sample_1370_clean,و
test_sample_1259_clean,
test_sample_1270_clean,و
test_sample_1223_clean,و
test_sample_1359_clean,و
test_sample_1221_clean,
test_sample_1226_clean,و
test_sample_1307_clean,
test_sample_1372_clean,و
test_sample_1244_clean,
test_sample_1298_clean,
test_sample_1215_clean,و
test_sample_1285_clean,
test_sample_1447_clean,و
test_sample_1376_clean,
test_sample_1479_clean,
test_sample_1423_clean,و
test_sample_1456_clean,و
test_sample_1463_clean,و
test_sample_1433_clean,و
test_sample_1413_clean,و
test_sample_1382_clean,
test_sample_1480_clean,و
test_sample_1432_clean,و
test_sample_1461_clean,
test_sample_1460_clean,و
test_sample_1469_clean,و
test_sample_1407_clean,و
test_sample_1485_clean,و
test_sample_1478_clean,و
test_sample_1481_clean,و
test_sample_1475_clean,و
test_sample_1462_clean,
test_sample_1476_clean,و
test_sample_1472_clean,و
test_sample_1386_clean,و
test_sample_1422_clean,و
test_sample_1396_clean,
test_sample_1445_clean,و
test_sample_1416_clean,و
test_sample_1388_clean,و
test_sample_1402_clean,و
test_sample_1482_clean,و
test_sample_1397_clean,و
test_sample_1428_clean,و
test_sample_1418_clean,و
test_sample_1467_clean,و
test_sample_1404_clean,و
test_sample_1421_clean,
test_sample_1484_clean,و
test_sample_1439_clean,
test_sample_1409_clean,و
test_sample_1392_clean,و
test_sample_1457_clean,و
test_sample_1414_clean,
test_sample_1380_clean,و
test_sample_1458_clean,و
test_sample_1401_clean,و
test_sample_1415_clean,و
test_sample_1420_clean,و
test_sample_1419_clean,و
test_sample_1451_clean,و
test_sample_1474_clean,
test_sample_1489_clean,
test_sample_1448_clean,و
test_sample_1441_clean,و
test_sample_1405_clean,
test_sample_1438_clean,و
test_sample_1455_clean,و
test_sample_1435_clean,و
test_sample_1454_clean,
test_sample_1452_clean,و
test_sample_1440_clean,و
test_sample_1395_clean,و
test_sample_1383_clean,و
test_sample_1381_clean,و
test_sample_1437_clean,
test_sample_1494_clean,و
test_sample_1488_clean,و
test_sample_1453_clean,و
test_sample_1427_clean,و
test_sample_1377_clean,و
test_sample_1406_clean,و
test_sample_1490_clean,و
test_sample_1487_clean,
test_sample_1449_clean,و
test_sample_1425_clean,و
test_sample_1398_clean,
test_sample_1471_clean,و
test_sample_1465_clean,و
test_sample_1426_clean,و
test_sample_1400_clean,و
test_sample_1391_clean,و
test_sample_1464_clean,
test_sample_1387_clean,و
test_sample_1424_clean,و
test_sample_1429_clean,و
test_sample_1459_clean,و
test_sample_1390_clean,
test_sample_1411_clean,و
test_sample_1477_clean,و
test_sample_1385_clean,و
test_sample_1492_clean,و
test_sample_1408_clean,و
test_sample_1379_clean,و
test_sample_1486_clean,و
test_sample_1450_clean,و
test_sample_1412_clean,و
test_sample_1410_clean,و
test_sample_1389_clean,و
test_sample_1430_clean,و
test_sample_1399_clean,و
test_sample_1384_clean,
test_sample_1403_clean,و
test_sample_1393_clean,و
test_sample_1444_clean,و
test_sample_1431_clean,و
test_sample_1470_clean,و
test_sample_1483_clean,و
test_sample_1394_clean,و
test_sample_1468_clean,و
test_sample_1434_clean,
test_sample_1378_clean,و
test_sample_1466_clean,و
test_sample_1442_clean,و
test_sample_1473_clean,و
test_sample_1443_clean,
test_sample_1417_clean,و
test_sample_1491_clean,و
test_sample_1436_clean,و
test_sample_1493_clean,
test_sample_1446_clean,و
test_sample_1512_clean,و
test_sample_1584_clean,و
test_sample_1630_clean,و
test_sample_1498_clean,و
test_sample_1610_clean,
test_sample_1612_clean,و
test_sample_1553_clean,و
test_sample_1602_clean,و
test_sample_1613_clean,و
test_sample_1637_clean,و
test_sample_1513_clean,و
test_sample_1596_clean,و
test_sample_1631_clean,و
test_sample_1528_clean,و
test_sample_1619_clean,و
test_sample_1536_clean,و
test_sample_1600_clean,و
test_sample_1558_clean,و
test_sample_1601_clean,و
test_sample_1532_clean,و
test_sample_1537_clean,و
test_sample_1578_clean,
test_sample_1580_clean,و
test_sample_1621_clean,و
test_sample_1614_clean,
test_sample_1514_clean,
test_sample_1598_clean,و
test_sample_1592_clean,و
test_sample_1523_clean,و
test_sample_1582_clean,و
test_sample_1550_clean,و
test_sample_1499_clean,و
test_sample_1615_clean,و
test_sample_1633_clean,
test_sample_1546_clean,و
test_sample_1560_clean,و
test_sample_1562_clean,و
test_sample_1635_clean,و
test_sample_1554_clean,و
test_sample_1569_clean,و
test_sample_1529_clean,و
test_sample_1576_clean,و
test_sample_1556_clean,و
test_sample_1565_clean,
test_sample_1577_clean,و
test_sample_1561_clean,و
test_sample_1623_clean,و
test_sample_1620_clean,و
test_sample_1552_clean,و
test_sample_1591_clean,
test_sample_1604_clean,و
test_sample_1525_clean,و
test_sample_1544_clean,و
test_sample_1501_clean,و
test_sample_1527_clean,و
test_sample_1606_clean,و
test_sample_1557_clean,
test_sample_1526_clean,و
test_sample_1509_clean,و
test_sample_1567_clean,
test_sample_1541_clean,و
test_sample_1638_clean,و
test_sample_1497_clean,و
test_sample_1570_clean,و
test_sample_1563_clean,و
test_sample_1533_clean,
test_sample_1586_clean,و
test_sample_1510_clean,و
test_sample_1579_clean,و
test_sample_1496_clean,و
test_sample_1622_clean,و
test_sample_1559_clean,و
test_sample_1495_clean,و
test_sample_1617_clean,و
test_sample_1545_clean,و
test_sample_1531_clean,و
test_sample_1511_clean,و
test_sample_1508_clean,و
test_sample_1632_clean,و
test_sample_1516_clean,و
test_sample_1535_clean,و
test_sample_1625_clean,و
test_sample_1517_clean,
test_sample_1624_clean,و
test_sample_1634_clean,
test_sample_1590_clean,و
test_sample_1555_clean,و
test_sample_1629_clean,و
test_sample_1589_clean,و
test_sample_1585_clean,و
test_sample_1547_clean,و
test_sample_1599_clean,و
test_sample_1504_clean,و
test_sample_1564_clean,و
test_sample_1519_clean,و
test_sample_1605_clean,و
test_sample_1575_clean,و
test_sample_1539_clean,و
test_sample_1587_clean,
test_sample_1515_clean,
test_sample_1627_clean,و
test_sample_1507_clean,و
test_sample_1597_clean,و
test_sample_1593_clean,و
test_sample_1542_clean,و
test_sample_1571_clean,و
test_sample_1530_clean,و
test_sample_1506_clean,و
test_sample_1628_clean,و
test_sample_1505_clean,و
test_sample_1581_clean,
test_sample_1595_clean,و
test_sample_1543_clean,و
test_sample_1616_clean,و
test_sample_1540_clean,و
test_sample_1583_clean,و
test_sample_1618_clean,
test_sample_1611_clean,و
test_sample_1574_clean,ا
test_sample_1609_clean,
test_sample_1534_clean,و
test_sample_1568_clean,و
test_sample_1603_clean,و
test_sample_1551_clean,
test_sample_1538_clean,
test_sample_1572_clean,
test_sample_1607_clean,
test_sample_1522_clean,و
test_sample_1524_clean,و
test_sample_1502_clean,و
test_sample_1548_clean,و
test_sample_1636_clean,و
test_sample_1521_clean,و
test_sample_1594_clean,و
test_sample_1500_clean,
test_sample_1588_clean,و
test_sample_1503_clean,و
test_sample_1566_clean,و
test_sample_1549_clean,و
test_sample_1608_clean,
test_sample_1520_clean,و
test_sample_1518_clean,و
test_sample_1626_clean,و
test_sample_1573_clean,
test_sample_3012_noisy,و
test_sample_2972_noisy,و
test_sample_1665_clean,و
test_sample_2971_noisy,و
test_sample_2958_noisy,و
test_sample_2997_noisy,و
test_sample_1646_clean,و
test_sample_1657_clean,و
test_sample_3010_noisy,
test_sample_2989_noisy,
test_sample_1695_clean,و
test_sample_2978_noisy,
test_sample_2982_noisy,و
test_sample_1681_clean,و
test_sample_3016_noisy,و
test_sample_1659_clean,و
test_sample_2946_noisy,و
test_sample_2948_noisy,و
test_sample_2987_noisy,
test_sample_1649_clean,و
test_sample_1685_clean,و
test_sample_1676_clean,و
test_sample_2979_noisy,و
test_sample_1656_clean,و
test_sample_1655_clean,
test_sample_1658_clean,ا
test_sample_2943_noisy,و
test_sample_2942_noisy,و
test_sample_2931_noisy,و
test_sample_3001_noisy,
test_sample_1680_clean,
test_sample_2939_noisy,
test_sample_2999_noisy,و
test_sample_1673_clean,و
test_sample_1640_clean,و
test_sample_2990_noisy,و
test_sample_1666_clean,
test_sample_1694_clean,و
test_sample_3002_noisy,
test_sample_2964_noisy,
test_sample_3015_noisy,
test_sample_1682_clean,و
test_sample_1693_clean,و
test_sample_3020_noisy,
test_sample_3018_noisy,
test_sample_1652_clean,و
test_sample_2927_noisy,و
test_sample_1639_clean,
test_sample_2945_noisy,و
test_sample_2928_noisy,
test_sample_1650_clean,
test_sample_1669_clean,
test_sample_2936_noisy,و
test_sample_3013_noisy,و
test_sample_2986_noisy,و
test_sample_2965_noisy,
test_sample_2962_noisy,
test_sample_2969_noisy,
test_sample_2975_noisy,و
test_sample_2950_noisy,و
test_sample_2961_noisy,
test_sample_2996_noisy,و
test_sample_2937_noisy,و
test_sample_2947_noisy,
test_sample_2955_noisy,و
test_sample_3019_noisy,و
test_sample_1645_clean,و
test_sample_1692_clean,و
test_sample_2925_noisy,
test_sample_1668_clean,و
test_sample_1679_clean,و
test_sample_3009_noisy,
test_sample_2954_noisy,
test_sample_1653_clean,
test_sample_1647_clean,و
test_sample_2957_noisy,و
test_sample_2951_noisy,و
test_sample_2980_noisy,و
test_sample_2967_noisy,و
test_sample_2932_noisy,و
test_sample_2998_noisy,
test_sample_1664_clean,و
test_sample_1691_clean,
test_sample_2944_noisy,و
test_sample_2926_noisy,و
test_sample_1698_clean,و
test_sample_3008_noisy,و
